match_text	placename	identical	as_whitepunctcase	as_ascii	length_match	is_stopword	levenshtein_dist	count_dm_agree
Aid 	Aad	0	0	0	3	1	2	2
had 	Aad	0	0	0	3	1	2	0
Saptari 	Aaptari	0	0	0	7	0	2	0
are 	Aare	0	0	0	3	1	2	2
Care 	Aare	0	0	0	4	1	2	0
age 	Age	0	1	1	3	1	2	2
Agri 	Agra	0	0	0	4	1	2	2
Agro-	Agra	0	0	0	4	1	2	2
agri 	Agri	0	1	1	4	1	2	2
Agri 	Agri	0	1	1	4	1	1	2
Aide 	Aipe	0	0	0	4	1	2	0
Agro-	Agri	0	0	0	4	1	2	2
pipe 	Aipe	0	0	0	4	1	2	0
Agri 	Airi	0	0	0	4	1	2	0
Air 	Airi	0	0	0	3	1	1	2
Airport 	Airport	0	1	1	7	1	1	2
All 	Ala	0	0	0	3	1	2	2
All 	Ale	0	0	0	3	1	2	2
All 	Ali	0	0	0	3	1	2	2
All 	Alle	0	0	0	3	1	1	1
male 	Amale	0	0	0	4	1	2	0
Agri 	Amri	0	0	0	4	1	2	0
Agri 	Angri	0	0	0	4	1	2	0
India 	Andia	0	0	0	5	1	2	2
Apr 	Api	0	0	0	3	1	2	0
Area;	Ara	0	0	0	4	1	2	2
Apr 	Apu	0	0	0	3	1	2	0
rate 	Arate	0	0	0	4	1	2	0
Area;	Arba	0	0	0	4	1	2	0
Areas 	Ares	0	0	0	5	1	2	2
Area;	Arja	0	0	0	4	1	2	0
Area;	Arka	0	0	0	4	1	2	0
Area;	Arma	0	0	0	4	1	2	0
Area;	Arna	0	0	0	4	1	2	0
Areas 	Arnas	0	0	0	5	1	2	0
Area;	Arpa	0	0	0	4	1	2	0
All 	Aul	0	0	0	3	1	2	2
Asian 	Asan	0	0	0	5	1	2	1
Asia 	Aska	0	0	0	4	1	2	0
Aug 	Aul	0	0	0	3	1	2	0
Jul 	Aul	0	0	0	3	1	2	1
sul 	Aul	0	0	0	3	1	2	0
Agri 	Auri	0	0	0	4	1	2	0
Gurung 	Aurung	0	0	0	6	0	2	0
age 	Bage	0	0	0	3	1	2	0
Page 	Bage	0	0	0	4	1	2	2
page 	Bage	0	0	0	4	1	2	2
wage 	Bage	0	0	0	4	1	2	0
pagina 	Bagina	0	0	0	6	0	2	2
Bagmati,	Bagpati	0	0	0	7	0	2	0
Bahadur 	Bahapur	0	0	0	7	1	2	0
Bam 	Bai	0	0	0	3	1	2	0
Bay 	Bai	0	0	0	3	1	2	2
aide 	Baide	0	0	0	4	1	2	0
Bank 	Baik	0	0	0	4	1	2	0
Bank.	Baik	0	0	0	4	1	2	0
Bank'	Baik	0	0	0	4	1	2	0
Rai 	Bai	0	0	0	3	1	2	0
Bam 	Baim	0	0	0	3	1	2	2
Bam 	Baj	0	0	0	3	1	2	0
Bay 	Baj	0	0	0	3	1	2	1
Based 	Bajed	0	0	0	5	1	2	0
Based,	Bajed	0	0	0	5	1	2	0
Raj 	Baj	0	0	0	3	1	2	0
male 	Bale	0	0	0	4	1	2	0
Bam 	Bam	0	1	1	3	1	1	2
Bam 	Bama	0	0	0	3	1	1	2
Bay 	Bam	0	0	0	3	1	2	0
Bam 	Bame	0	0	0	3	1	1	2
Name;	Bame	0	0	0	4	1	2	0
Name 	Bame	0	0	0	4	1	2	0
same.	Bame	0	0	0	4	1	2	0
Ram 	Bam	0	0	0	3	1	2	0
Bank 	Bana	0	0	0	4	1	2	0
Bank.	Bana	0	0	0	4	1	2	0
Bank'	Bana	0	0	0	4	1	2	0
Panauti,	Banauti	0	0	0	7	0	2	2
Bank.	Band	0	0	0	4	1	2	0
and 	Band	0	0	0	3	1	2	0
Bank'	Band	0	0	0	4	1	2	0
Banepa 	Banela	0	0	0	6	0	2	0
Banepa 	Banena	0	0	0	6	0	2	0
Banepa 	Banepa	0	1	1	6	0	1	2
Banepa 	Banewa	0	0	0	6	0	2	0
Bank 	Bang	0	0	0	4	1	2	2
Bank.	Bang	0	0	0	4	1	2	2
Bank'	Bang	0	0	0	4	1	2	2
range 	Bange	0	0	0	5	1	2	0
range,	Bange	0	0	0	5	1	2	0
Bank 	Bani	0	0	0	4	1	2	0
Bank.	Bani	0	0	0	4	1	2	0
Bank'	Bani	0	0	0	4	1	2	0
Bank 	Banj	0	0	0	4	1	2	0
Bank.	Banj	0	0	0	4	1	2	0
Bank'	Banj	0	0	0	4	1	2	0
Bank 	Banka	0	0	0	4	1	1	2
Bank.	Banka	0	0	0	4	1	1	2
Bank'	Banka	0	0	0	4	1	1	2
Banks 	Banka	0	0	0	5	1	2	0
bank,	Bank	0	1	1	4	1	2	2
Bank 	Bank	0	1	1	4	1	1	2
Bank.	Bank	0	1	1	4	1	1	2
Bank'	Bank	0	1	1	4	1	1	2
Bank 	Banke	0	0	0	4	1	1	2
Bank.	Banke	0	0	0	4	1	1	2
Bank'	Banke	0	0	0	4	1	1	2
Banks 	Banke	0	0	0	5	1	2	0
Bank 	Banki	0	0	0	4	1	1	2
Bank.	Banki	0	0	0	4	1	1	2
Bank'	Banki	0	0	0	4	1	1	2
Banks 	Banki	0	0	0	5	1	2	0
Bank 	Bano	0	0	0	4	1	2	0
Bank.	Bano	0	0	0	4	1	2	0
Bank'	Bano	0	0	0	4	1	2	0
Bank 	Bans	0	0	0	4	1	2	0
Bank'	Bans	0	0	0	4	1	2	0
Bank.	Bans	0	0	0	4	1	2	0
Banks 	Bans	0	0	0	5	1	2	0
dans 	Bans	0	0	0	4	1	2	0
Bam 	Bao	0	0	0	3	1	2	0
Bay 	Bao	0	0	0	3	1	2	2
Rara,	Bara	0	0	0	4	0	2	0
Karnali 	Barnali	0	0	0	7	0	2	0
Based 	Basad	0	0	0	5	1	2	2
Based,	Basad	0	0	0	5	1	2	2
Bay 	Bas	0	0	0	3	1	2	0
das 	Bas	0	0	0	3	1	2	0
base.	Base	0	1	1	4	1	2	2
case 	Base	0	0	0	4	1	2	0
Based 	Basedi	0	0	0	5	1	1	2
Based,	Basedi	0	0	0	5	1	1	2
Based 	Basedo	0	0	0	5	1	1	2
Based,	Basedo	0	0	0	5	1	1	2
Based 	Basel	0	0	0	5	1	2	0
Based,	Basel	0	0	0	5	1	2	0
has 	Bas	0	0	0	3	1	2	0
was 	Bas	0	0	0	3	1	2	0
Data 	Bata	0	0	0	4	1	2	0
data 	Bata	0	0	0	4	1	2	0
date 	Bate	0	0	0	4	1	2	0
Date 	Bate	0	0	0	4	1	2	0
Date;	Bate	0	0	0	4	1	2	0
rate 	Bate	0	0	0	4	1	2	0
cause 	Bause	0	0	0	5	1	2	0
Bay 	Baye	0	0	0	3	1	1	2
Being 	Bebing	0	0	0	5	1	2	0
Bay 	Bayu	0	0	0	3	1	1	2
Bid 	Bed	0	0	0	3	1	2	2
fed 	Bed	0	0	0	3	1	2	0
Being 	Beding	0	0	0	5	1	2	0
led 	Bed	0	0	0	3	1	2	0
Beth 	Bekh	0	0	0	4	1	2	0
Belbari-	Belari	0	0	0	7	0	2	0
Belbari-	Belbari2	0	0	1	7	0	1	2
Belbari-	Belbari1	0	0	1	7	0	1	2
Belbari-	Belbari3	0	0	1	7	0	1	2
Belbari-	Belbari4	0	0	1	7	0	1	2
Belbari-	Belbari5	0	0	1	7	0	1	2
Belbari-	Belbari6	0	0	1	7	0	1	2
Belbari-	Belbari7	0	0	1	7	0	1	2
Belbari-	Belbari8	0	0	1	7	0	1	2
Belbari-	Belbari9	0	0	1	7	0	1	2
Belbari-	Belbari	0	1	1	7	0	1	2
Belbari-	Belhari	0	0	0	7	0	2	0
Belbari-	Beldari	0	0	0	7	0	2	0
Delhi 	Belhi	0	0	0	5	1	2	0
dell&	Bell	0	0	0	4	1	2	0
well 	Bell	0	0	0	4	1	2	0
Belbari-	Beltari	0	0	0	7	0	2	0
der 	Ber	0	0	0	3	1	2	0
per 	Ber	0	0	0	3	1	2	2
Ver.	Ber	0	0	0	3	1	2	0
Beth 	Beta	0	0	0	4	1	2	1
But 	Bet	0	0	0	3	1	2	2
Beth 	Bete	0	0	0	4	1	2	1
get 	Bet	0	0	0	3	1	2	0
Beth 	Bethe	0	0	0	4	1	1	2
Beth 	Bethi	0	0	0	4	1	1	2
Beth 	Beti	0	0	0	4	1	2	1
met.	Bet	0	0	0	3	1	2	0
net 	Bet	0	0	0	3	1	2	0
yet 	Bet	0	0	0	3	1	2	0
Bhagalpur 	Bhagalapur	0	0	0	9	0	2	2
Bhagalpur 	Bhagalpur	0	1	1	9	0	1	2
had 	Bhad	0	0	0	3	1	2	0
Bhagalpur 	Bhaganpur	0	0	0	9	0	2	0
Bhagalpur 	Bhagatpur	0	0	0	9	0	2	0
Bhairahawa,	Bhairahawa	0	1	1	10	0	1	2
Bhairahawa,	Bhairahawā	0	0	1	10	0	2	2
Bhairahawa,	Bhaisahawa	0	0	0	10	0	2	0
Bam 	Bham	0	0	0	3	1	2	2
change 	Bhange	0	0	0	6	1	2	0
Change 	Bhange	0	0	0	6	1	2	0
Change]	Bhange	0	0	0	6	1	2	0
Share 	Bhare	0	0	0	5	1	2	0
Ghar 	Bhar	0	0	0	4	0	2	0
Bhairahawa,	Bhaurahawa	0	0	0	10	0	2	2
here 	Bhere	0	0	0	4	1	2	0
there 	Bhere	0	0	0	5	1	2	0
There 	Bhere	0	0	0	5	1	2	0
where 	Bhere	0	0	0	5	1	2	0
Where 	Bhere	0	0	0	5	1	2	0
Bhutan 	Bhuran	0	0	0	6	1	2	0
Bhutan 	Bhuwan	0	0	0	6	1	2	0
aid 	Bid	0	0	0	3	1	2	0
Aid 	Bid	0	0	0	3	1	2	0
mid-	Bid	0	0	0	3	1	2	0
mid 	Bid	0	0	0	3	1	2	0
Bid 	Bid	0	1	1	3	1	1	2
Mid-	Bid	0	0	0	3	1	2	0
Birat 	Biprat	0	0	0	5	0	2	0
Birat 	Biran	0	0	0	5	0	2	0
Birat 	Birat1	0	0	1	5	0	1	2
Birat 	Birat2	0	0	1	5	0	1	2
Birat 	Birat3	0	0	1	5	0	1	2
Birat 	Birat4	0	0	1	5	0	1	2
Birat 	Birat5	0	0	1	5	0	1	2
Birat 	Birat6	0	0	1	5	0	1	2
Birat 	Birat7	0	0	1	5	0	1	2
Birat 	Birat8	0	0	1	5	0	1	2
Birat 	Birat9	0	0	1	5	0	1	2
Birat 	Birat	0	1	1	5	0	1	2
Birat 	Birati	0	0	0	5	0	1	2
Biratnagar,	Biratnagar	0	1	1	10	0	1	2
Biratnagar,	Birātnagar	0	0	1	10	0	3	2
Birat 	Biraut	0	0	0	5	0	2	2
Birgunj 	Birganj	0	0	0	7	0	2	1
Birgunj,	Birganj	0	0	0	7	0	2	2
Both 	Boch	0	0	0	4	1	2	0
Bid 	Bod	0	0	0	3	1	2	2
Box:	Bod	0	0	0	3	1	2	0
Dolpa)	Bolpa	0	0	0	5	0	2	0
Code 	Bode	0	0	0	4	1	2	0
Bam 	Bom	0	0	0	3	1	2	2
Box:	Bom	0	0	0	3	1	2	0
Morang 	Borang	0	0	0	6	0	2	0
Morang,	Borang	0	0	0	6	0	2	0
core 	Bore	0	0	0	4	1	2	0
More 	Bore	0	0	0	4	1	2	0
more 	Bore	0	0	0	4	1	2	0
ore 	Bore	0	0	0	3	1	2	0
For 	Bor	0	0	0	3	1	2	0
for 	Bor	0	0	0	3	1	2	0
Both 	Bota	0	0	0	4	1	2	1
total 	Botal	0	0	0	5	1	2	0
total:	Botal	0	0	0	5	1	2	0
Both 	Bote	0	0	0	4	1	2	1
But 	Bul	0	0	0	3	1	2	0
Jul 	Bul	0	0	0	3	1	2	0
sul 	Bul	0	0	0	3	1	2	0
But 	Bur	0	0	0	3	1	2	0
zur 	Bur	0	0	0	3	1	2	0
But 	Bute	0	0	0	3	1	1	2
But 	Buti	0	0	0	3	1	1	2
Butwal 	Butwal	0	1	1	6	0	1	2
Butwal-	Butwal	0	1	1	6	0	1	2
Butwal)	Butwal	0	1	1	6	0	1	2
Butwal-	Butwāl	0	0	1	6	0	3	2
Butwal 	Butwāl	0	0	1	6	0	3	2
Butwal)	Butwāl	0	0	1	6	0	3	2
Care 	Cave	0	0	0	4	1	2	0
have 	Cave	0	0	0	4	1	2	0
had 	Chad	0	0	0	3	1	2	0
chain.	Chain	0	1	1	5	1	2	2
Chainpur,	Chainpur1	0	0	1	8	0	1	2
Chainpur,	Chainpur2	0	0	1	8	0	1	2
Chainpur,	Chainpur3	0	0	1	8	0	1	2
Chainpur,	Chainpur4	0	0	1	8	0	1	2
Chainpur,	Chainpur5	0	0	1	8	0	1	2
Chainpur,	Chainpur6	0	0	1	8	0	1	2
Chainpur,	Chainpur7	0	0	1	8	0	1	2
Chainpur,	Chainpur8	0	0	1	8	0	1	2
Chainpur,	Chainpur9	0	0	1	8	0	1	2
Chainpur,	Chainpura	0	0	0	8	0	1	2
Chainpur,	Chainpur	0	1	1	8	0	1	2
Chainpur,	Chainpure	0	0	0	8	0	1	2
Chainpur,	Chaipur	0	0	0	8	0	2	0
Chapali 	Chakali	0	0	0	7	0	2	0
Chakki 	Chaki	0	0	0	6	0	2	2
Chapali 	Chanali	0	0	0	7	0	2	0
Chakki 	Chakri	0	0	0	6	0	2	0
Change 	Chande	0	0	0	6	1	2	0
Change]	Chande	0	0	0	6	1	2	0
Change 	Chane	0	0	0	6	1	2	0
Change]	Chane	0	0	0	6	1	2	0
Change 	Changa	0	0	0	6	1	2	1
Change]	Changa	0	0	0	6	1	2	1
Change]	Change1	0	0	1	6	1	1	2
Change 	Change1	0	0	1	6	1	1	2
Change 	Change2	0	0	1	6	1	1	2
Change]	Change2	0	0	1	6	1	1	2
Change 	Change3	0	0	1	6	1	1	2
Change]	Change3	0	0	1	6	1	1	2
Change 	Change4	0	0	1	6	1	1	2
Change]	Change4	0	0	1	6	1	1	2
Change 	Change5	0	0	1	6	1	1	2
Change]	Change5	0	0	1	6	1	1	2
Change 	Change6	0	0	1	6	1	1	2
Change]	Change6	0	0	1	6	1	1	2
Change 	Change7	0	0	1	6	1	1	2
Change]	Change7	0	0	1	6	1	1	2
Change 	Change8	0	0	1	6	1	1	2
Change]	Change8	0	0	1	6	1	1	2
Change 	Change9	0	0	1	6	1	1	2
Change]	Change9	0	0	1	6	1	1	2
change 	Change	0	1	1	6	1	2	2
Change 	Change	0	1	1	6	1	1	2
Change]	Change	0	1	1	6	1	1	2
Change 	Changre	0	0	0	6	1	2	0
Change]	Changre	0	0	0	6	1	2	0
Change 	Changu	0	0	0	6	1	2	1
Change]	Changu	0	0	0	6	1	2	1
Changing 	Chanling	0	0	0	8	1	2	0
Changing 	Chansing	0	0	0	8	1	2	0
Change 	Chante	0	0	0	6	1	2	0
Change]	Chante	0	0	0	6	1	2	0
Chapali 	Chapadi	0	0	0	7	0	2	0
Chapali 	Chapali	0	1	1	7	0	1	2
Chapali 	Chapauli	0	0	0	7	0	2	2
Chakki 	Chapki	0	0	0	6	0	2	0
Chapali 	Charali	0	0	0	7	0	2	0
Dharan,	Charan	0	0	0	6	0	2	0
Sharan 	Charan	0	0	0	6	0	2	2
Ghar 	Char	0	0	0	4	0	2	0
Chakki 	Chauki	0	0	0	6	0	2	2
Chainpur,	Chaunpur	0	0	0	8	0	2	2
Change 	Chhange	0	0	0	6	1	2	0
Change]	Chhange	0	0	0	6	1	2	0
Chapali 	Chhapali	0	0	0	7	0	2	0
China,	Chhina	0	0	0	5	1	2	0
China,	Chikna	0	0	0	5	1	2	0
China,	Chila	0	0	0	5	1	2	0
China,	China	0	1	1	5	1	1	2
China,	Chinad	0	0	0	5	1	1	0
China,	Chira	0	0	0	5	1	2	0
China,	Chisa	0	0	0	5	1	2	0
China,	Chinar	0	0	0	5	1	1	0
Chauharwa 	Chuharwa	0	0	0	9	0	2	2
China,	Chuna	0	0	0	5	1	2	2
Date;	Dade	0	0	0	4	1	2	2
Date 	Dade	0	0	0	4	1	2	2
made 	Dade	0	0	0	4	1	2	0
Data 	Daga	0	0	0	4	1	2	0
had 	Dad	0	0	0	3	1	2	0
Data 	Daha	0	0	0	4	1	2	0
Rai 	Dai	0	0	0	3	1	2	0
Date 	Daite	0	0	0	4	1	2	2
Date;	Daite	0	0	0	4	1	2	2
Data 	Daja	0	0	0	4	1	2	0
Date 	Dale	0	0	0	4	1	2	0
Date;	Dale	0	0	0	4	1	2	0
Dalit,	Dalim	0	0	0	5	1	2	0
Malla 	Dalla	0	0	0	5	0	2	0
Damage 	Damare	0	0	0	6	1	2	0
Data 	Dama	0	0	0	4	1	2	0
Damage 	Damase	0	0	0	6	1	2	0
Damauli 	Damauli	0	1	1	7	0	1	2
Damauli 	Damauti	0	0	0	7	0	2	0
Bam 	Dam	0	0	0	3	1	2	0
Date 	Dame	0	0	0	4	1	2	0
Name;	Dame	0	0	0	4	1	2	0
Ram 	Dam	0	0	0	3	1	2	0
same.	Dame	0	0	0	4	1	2	0
Data 	Dana	0	0	0	4	1	2	0
can 	Dan	0	0	0	3	1	2	0
and 	Dand	0	0	0	3	1	2	0
Wang;	Dang	0	0	0	4	1	2	0
Date 	Dante	0	0	0	4	1	2	0
Date;	Dante	0	0	0	4	1	2	0
gap 	Dap	0	0	0	3	1	2	0
gap-	Dap	0	0	0	3	1	2	0
Data 	Dara	0	0	0	4	1	2	0
are 	Dare	0	0	0	3	1	2	0
Care 	Dare	0	0	0	4	1	2	0
Date 	Dare	0	0	0	4	1	2	0
Date;	Dare	0	0	0	4	1	2	0
far 	Dar	0	0	0	3	1	2	0
far-	Dar	0	0	0	3	1	2	0
far,	Dar	0	0	0	3	1	2	0
Far-	Dar	0	0	0	3	1	2	0
Mar 	Dar	0	0	0	3	1	2	0
par 	Dar	0	0	0	3	1	2	0
Data 	Dasa	0	0	0	4	1	2	0
base.	Dase	0	0	0	4	1	2	0
case 	Dase	0	0	0	4	1	2	0
Date 	Dase	0	0	0	4	1	2	0
Date;	Dase	0	0	0	4	1	2	0
Data 	Date	0	0	0	4	1	2	2
Date 	Date	0	1	1	4	1	1	2
Date;	Date	0	1	1	4	1	1	2
Date 	Dathe	0	0	0	4	1	2	1
Date;	Dathe	0	0	0	4	1	2	1
Data 	Dawa	0	0	0	4	1	2	0
Data 	Daya	0	0	0	4	1	2	0
Dec 	Deb	0	0	0	3	1	2	0
Des 	Deb	0	0	0	3	1	2	0
Feb 	Deb	0	0	0	3	1	2	0
web 	Deb	0	0	0	3	1	2	0
Delhi 	Dehi	0	0	0	5	1	2	0
Dec 	Deu	0	0	0	3	1	2	0
Des 	Deu	0	0	0	3	1	2	0
Dharan,	Dhaban	0	0	0	6	0	2	0
Khadbari-	Dhadbari	0	0	0	8	0	2	0
had 	Dhad	0	0	0	3	1	2	0
Damauli 	Dhamauli	0	0	0	7	0	2	2
Dhankuta,	Dhankuta	0	1	1	8	0	1	2
Dhankuta,	Dhankutā	0	0	1	8	0	2	2
Dhankuta,	Dhankuti	0	0	0	8	0	2	2
Dhankuta,	Dhankuwa	0	0	0	8	0	2	0
than 	Dhan	0	0	0	4	1	2	1
Jhapa 	Dhapa	0	0	0	5	0	2	0
Thapa 	Dhapa	0	0	0	5	0	2	1
Chapali 	Dhapali	0	0	0	7	0	2	0
shape 	Dhape	0	0	0	5	1	2	0
Dharan,	Dharai	0	0	0	6	0	2	0
Dharan,	Dharain	0	0	0	6	0	2	2
Dharan,	Dharane	0	0	0	6	0	1	2
Dharan,	Dharap	0	0	0	6	0	2	0
Ghar 	Dhar	0	0	0	4	0	2	0
Data 	Dhata	0	0	0	4	1	2	2
Dharan,	Dhatan	0	0	0	6	0	2	0
who 	Dho	0	0	0	3	1	2	0
Who 	Dho	0	0	0	3	1	2	0
Dhulikhel 	Dhulikhel	0	1	1	9	0	1	2
Dhurba 	Dhumba	0	0	0	6	0	2	0
Dumre 	Dhumre	0	0	0	5	0	2	2
Dhurba 	Dhura	0	0	0	6	0	2	0
Dhurba 	Dhurba	0	1	1	6	0	1	2
Dhurba 	Dhurpa	0	0	0	6	0	2	2
Thus 	Dhus	0	0	0	4	1	2	1
thus 	Dhus	0	0	0	4	1	2	1
Thus,	Dhus	0	0	0	4	1	2	1
Die 	Dia	0	0	0	3	1	2	2
via 	Dia	0	0	0	3	1	2	0
Die 	Dibe	0	0	0	3	1	2	0
Digg 	Diga	0	0	0	4	0	2	2
Die 	Dig	0	0	0	3	1	2	0
Digg 	Dig	0	0	0	4	0	2	2
Digg 	Digi	0	0	0	4	0	2	1
Die 	Dih	0	0	0	3	1	2	2
Die 	Dike	0	0	0	3	1	2	0
Die 	Dil	0	0	0	3	1	2	0
like 	Dike	0	0	0	4	1	2	0
Dolpa)	Dilpa	0	0	0	5	0	2	2
Dumre 	Dimre	0	0	0	5	0	2	2
Die 	Dip	0	0	0	3	1	2	0
Digg 	Ding	0	0	0	4	0	2	0
Doc 	Dob	0	0	0	3	1	2	0
Doc.	Dob	0	0	0	3	1	2	0
job 	Dob	0	0	0	3	1	2	0
Code 	Dode	0	0	0	4	1	2	0
Dolpa)	Dola	0	0	0	5	0	2	0
Doc.	Dol	0	0	0	3	1	2	0
role 	Dole	0	0	0	4	1	2	0
Dolpa)	Dolpa	0	1	1	5	0	1	2
Dolpa)	Dolpā	0	0	1	5	0	2	2
uomo 	Domo	0	0	0	4	0	2	0
cope 	Dope	0	0	0	4	1	2	0
Morang 	Dorang	0	0	0	6	0	2	0
Morang,	Dorang	0	0	0	6	0	2	0
core 	Dore	0	0	0	4	1	2	0
more 	Dore	0	0	0	4	1	2	0
More 	Dore	0	0	0	4	1	2	0
ore 	Dore	0	0	0	3	1	2	0
During 	Doring	0	0	0	6	1	2	2
Dolpa)	Dorpa	0	0	0	5	0	2	0
forum 	Dorum	0	0	0	5	1	2	0
Date 	Dote	0	0	0	4	1	2	2
Date;	Dote	0	0	0	4	1	2	2
During 	Dubring	0	0	0	6	1	2	0
sub 	Dub	0	0	0	3	1	2	0
sub-	Dub	0	0	0	3	1	2	0
Sub 	Dub	0	0	0	3	1	2	0
huge 	Duge	0	0	0	4	1	2	0
During 	Dujing	0	0	0	6	1	2	0
Human 	Duman	0	0	0	5	1	2	0
human 	Duman	0	0	0	5	1	2	0
Dumre 	Dumare	0	0	0	5	0	2	2
Kumar 	Dumar	0	0	0	5	1	2	0
Dumre 	Dumle	0	0	0	5	0	2	0
Dumre 	Dumre1	0	0	1	5	0	1	2
Dumre 	Dumre2	0	0	1	5	0	1	2
Dumre 	Dumre3	0	0	1	5	0	1	2
Dumre 	Dumre4	0	0	1	5	0	1	2
Dumre 	Dumre5	0	0	1	5	0	1	2
Dumre 	Dumre6	0	0	1	5	0	1	2
Dumre 	Dumre7	0	0	1	5	0	1	2
Dumre 	Dumre8	0	0	1	5	0	1	2
Dumre 	Dumre	0	1	1	5	0	1	2
Dumre 	Dumre9	0	0	1	5	0	1	2
Dumre 	Dumri	0	0	0	5	0	2	2
Dumre 	Dumse	0	0	0	5	0	2	0
fund 	Dund	0	0	0	4	1	2	0
Fund 	Dund	0	0	0	4	1	2	0
und 	Dund	0	0	0	3	1	2	0
une 	Dune	0	0	0	3	1	2	0
June 	Dune	0	0	0	4	1	2	0
During 	Durang	0	0	0	6	1	2	2
Dumre 	Dure	0	0	0	5	0	2	0
Pusa	Dusa	0	0	0	4	0	1	0
air 	Fair	0	0	0	3	1	2	0
fair;	Fair	0	1	1	4	1	2	2
Far-	Fair	0	0	0	3	1	2	2
Wang;	Fang	0	0	0	4	1	2	1
Feb 	Fek	0	0	0	3	1	2	0
Tek 	Fek	0	0	0	3	0	2	0
Final 	Finam	0	0	0	5	1	2	0
agro-	Gagro	0	0	0	4	1	2	0
had 	Gad	0	0	0	3	1	2	0
aide 	Gaide	0	0	0	4	1	2	0
Rai 	Gai	0	0	0	3	1	2	0
air 	Gair	0	0	0	3	1	2	0
fair;	Gair	0	0	0	4	1	2	0
Goal 	Gal	0	0	0	4	1	2	2
allo 	Gallo	0	0	0	4	0	2	0
Bam 	Gam	0	0	0	3	1	2	0
Name 	Game	0	0	0	4	1	2	0
same.	Game	0	0	0	4	1	2	0
Name;	Game	0	0	0	4	1	2	0
Ram 	Gam	0	0	0	3	1	2	0
can 	Gan	0	0	0	3	1	2	2
range,	Gange	0	0	0	5	1	2	0
range 	Gange	0	0	0	5	1	2	0
Wang;	Gang	0	0	0	4	1	2	0
gap 	Gap	0	1	1	3	1	2	2
gap-	Gap	0	1	1	3	1	2	2
Rara,	Gara	0	0	0	4	0	2	0
are 	Gare	0	0	0	3	1	2	0
Care 	Gare	0	0	0	4	1	2	2
Garden 	Garen	0	0	0	6	1	2	0
Varie 	Garie	0	0	0	5	0	2	0
data 	Gata	0	0	0	4	1	2	0
Data 	Gata	0	0	0	4	1	2	0
here 	Gere	0	0	0	4	1	2	0
were 	Gere	0	0	0	4	1	2	0
Get 	Geta	0	0	0	3	1	1	2
Get 	Geu	0	0	0	3	1	2	0
Get 	Geti	0	0	0	3	1	1	2
Ghar 	Ghad	0	0	0	4	0	2	0
Grand 	Ghand	0	0	0	5	1	2	0
had 	Ghad	0	0	0	3	1	2	0
Jhapa 	Ghapa	0	0	0	5	0	2	0
Thapa 	Ghapa	0	0	0	5	0	2	0
Ghar 	Ghara	0	0	0	4	0	1	2
shape 	Ghape	0	0	0	5	1	2	0
Share 	Ghare	0	0	0	5	1	2	0
Ghar 	Ghari	0	0	0	4	0	1	2
that 	Ghat	0	0	0	4	1	2	0
What 	Ghat	0	0	0	4	1	2	0
who 	Gho	0	0	0	3	1	2	0
Who 	Gho	0	0	0	3	1	2	0
human 	Ghuman	0	0	0	5	1	2	0
Ghar 	Ghur	0	0	0	4	0	2	2
Code 	Gode	0	0	0	4	1	2	2
Good 	God	0	0	0	4	1	2	2
Gopi 	Goli	0	0	0	4	0	2	0
uomo 	Gomo	0	0	0	4	0	2	0
long 	Gong	0	0	0	4	1	2	0
long-	Gong	0	0	0	4	1	2	0
Gopi 	Gope	0	0	0	4	0	2	2
cope 	Gope	0	0	0	4	1	2	2
Gopi 	Gopi	0	1	1	4	0	1	2
Morang 	Gorang	0	0	0	6	0	2	0
Morang,	Gorang	0	0	0	6	0	2	0
Gopi 	Gori	0	0	0	4	0	2	0
Gurung 	Gorung	0	0	0	6	0	2	2
both 	Goth	0	0	0	4	1	2	0
Both 	Goth	0	0	0	4	1	2	0
Grand 	Grang	0	0	0	5	1	2	0
Grant 	Grang	0	0	0	5	1	2	0
are 	Gre	0	0	0	3	1	2	0
ore 	Gre	0	0	0	3	1	2	0
June 	Gune	0	0	0	4	1	2	0
une 	Gune	0	0	0	3	1	2	0
Gurung 	Gurdung	0	0	0	6	0	2	0
Gurung 	Gurunge	0	0	0	6	0	1	1
Pusa	Gusa	0	0	0	4	0	1	0
aide 	Haide	0	0	0	4	1	2	0
made 	Hade	0	0	0	4	1	2	0
Rara,	Hara	0	0	0	4	0	2	0
are 	Hare	0	0	0	3	1	2	0
Care 	Hare	0	0	0	4	1	2	0
Harkapur'	Harkapur1	0	0	1	8	0	1	2
Harkapur'	Harkapur2	0	0	1	8	0	1	2
Harkapur'	Harkapur3	0	0	1	8	0	1	2
Harkapur'	Harkapur4	0	0	1	8	0	1	2
Harkapur'	Harkapur5	0	0	1	8	0	1	2
Harkapur'	Harkapur6	0	0	1	8	0	1	2
Harkapur'	Harkapur7	0	0	1	8	0	1	2
Harkapur'	Harkapur8	0	0	1	8	0	1	2
Harkapur'	Harkapur9	0	0	1	8	0	1	2
Harkapur'	Harkapur	0	1	1	8	0	1	2
date 	Hate	0	0	0	4	1	2	0
Date 	Hate	0	0	0	4	1	2	0
Date;	Hate	0	0	0	4	1	2	0
rate 	Hate	0	0	0	4	1	2	0
here 	Here	0	1	1	4	1	2	2
were 	Here	0	0	0	4	1	2	0
Hilfe 	Hile	0	0	0	5	0	2	0
Hilfe 	Hille	0	0	0	5	0	2	0
Himalaya 	Himalaya	0	1	1	8	1	1	2
Himalaya 	HImalaya	0	1	1	8	1	2	2
Himalayas 	Himalayas	0	1	1	9	1	1	2
How 	Hop	0	0	0	3	1	2	0
Human 	Humane	0	0	0	5	1	1	2
Home 	Hume	0	0	0	4	1	2	2
Human 	Humin	0	0	0	5	1	2	2
Human 	Humln	0	0	0	5	1	2	0
Human 	Huwan	0	0	0	5	1	2	0
Index‚	Indev	0	0	0	5	0	2	0
India 	Indra	0	0	0	5	1	2	0
Japan 	Jaban	0	0	0	5	1	2	2
pagine 	Jagine	0	0	0	6	0	2	0
Jan-	Jai	0	0	0	3	1	2	0
mail 	Jail	0	0	0	4	1	2	0
Jan-	Jain	0	0	0	3	1	2	2
gain 	Jain	0	0	0	4	1	2	0
main 	Jain	0	0	0	4	1	2	0
rain-	Jain	0	0	0	4	1	2	0
Rai 	Jai	0	0	0	3	1	2	0
air 	Jair	0	0	0	3	1	2	1
fair;	Jair	0	0	0	4	1	2	0
Raising 	Jaising	0	0	0	7	1	2	0
Raj 	Jaj	0	0	0	3	1	2	0
Jan-	Jaj	0	0	0	3	1	2	0
Palpa 	Jalpa	0	0	0	5	0	2	0
Damauli 	Jamauli	0	0	0	7	0	2	0
Bam 	Jam	0	0	0	3	1	2	0
Jan-	Jam	0	0	0	3	1	2	0
Ram 	Jam	0	0	0	3	1	2	0
Mangal 	Jangal	0	0	0	6	0	2	0
can 	Jan	0	0	0	3	1	2	0
Janakpur,	Janakpur	0	1	1	8	0	1	2
Jan-	Jang	0	0	0	3	1	1	0
Wang;	Jang	0	0	0	4	1	2	1
Jan-	Jan	0	1	1	3	1	1	2
Jun 	Jan	0	0	0	3	1	2	2
any 	Jany	0	0	0	3	1	2	1
many 	Jany	0	0	0	4	1	2	0
Jan-	Jany	0	0	0	3	1	1	2
Many 	Jany	0	0	0	4	1	2	0
Jhapa 	Japa	0	0	0	5	0	2	2
Care 	Jare	0	0	0	4	1	2	0
are 	Jare	0	0	0	3	1	2	1
Japan 	Jatan	0	0	0	5	1	2	0
date 	Jate	0	0	0	4	1	2	0
Date;	Jate	0	0	0	4	1	2	0
Date 	Jate	0	0	0	4	1	2	0
rate 	Jate	0	0	0	4	1	2	0
female 	Jemale	0	0	0	6	1	2	0
female.	Jemale	0	0	0	6	1	2	0
Jhapa 	Jhada	0	0	0	5	0	2	0
had 	Jhad	0	0	0	3	1	2	0
Jhapa 	Jhala	0	0	0	5	0	2	0
Jhapa 	Jhapa	0	1	1	5	0	1	2
Chapali 	Jhapali	0	0	0	7	0	2	0
Jhapa 	Jhapad	0	0	0	5	0	1	0
Thapa 	Jhapa	0	0	0	5	0	2	0
Jhapa 	Jhapra	0	0	0	5	0	2	0
Jul 	Jil	0	0	0	3	1	2	2
Birat 	Jirat	0	0	0	5	0	2	0
Jul 	Jol	0	0	0	3	1	2	2
Jul 	Jub	0	0	0	3	1	2	0
Jun 	Jub	0	0	0	3	1	2	0
sub 	Jub	0	0	0	3	1	2	0
sub-	Jub	0	0	0	3	1	2	0
June 	Jude	0	0	0	4	1	2	0
huge 	Juge	0	0	0	4	1	2	0
June 	Juge	0	0	0	4	1	2	0
Jul 	Juil	0	0	0	3	1	2	2
June 	Juke	0	0	0	4	1	2	0
Jul 	Julu	0	0	0	3	1	1	2
July 	Julu	0	0	0	4	1	2	2
Jun 	Juna	0	0	0	3	1	1	2
June 	Juna	0	0	0	4	1	2	2
Jun 	Jung	0	0	0	3	1	1	0
June 	Jung	0	0	0	4	1	2	0
Jul 	Jup	0	0	0	3	1	2	0
Jun 	Jup	0	0	0	3	1	2	0
June 	Jure	0	0	0	4	1	2	0
Jul 	Jur	0	0	0	3	1	2	0
zur 	Jur	0	0	0	3	1	2	0
Jun 	Jur	0	0	0	3	1	2	0
Kavre 	Kabre	0	0	0	5	0	2	0
made 	Kade	0	0	0	4	1	2	0
Kailali 	Kailali	0	1	1	7	0	1	2
Kailali 	Kailasi	0	0	0	7	0	2	0
Palau 	Kalau	0	0	0	5	1	2	0
Kavre 	Kakre	0	0	0	5	0	2	0
male 	Kale	0	0	0	4	1	2	0
Salleri-	Kalleri	0	0	0	7	0	2	0
Malla 	Kalla	0	0	0	5	0	2	0
Bam 	Kam	0	0	0	3	1	2	0
Ram 	Kam	0	0	0	3	1	2	0
Janakpur,	Kanakpur	0	0	0	8	0	2	0
Karnali 	Kanali	0	0	0	7	0	2	0
can 	Kan	0	0	0	3	1	2	2
Kanchanpur 	Kanchanapur	0	0	0	10	0	2	2
Kanchanpur,	Kanchanapur	0	0	0	10	0	2	2
Kanchanpur 	Kanchanpur1	0	0	1	10	0	1	2
Kanchanpur,	Kanchanpur1	0	0	1	10	0	1	2
Kanchanpur 	Kanchanpur2	0	0	1	10	0	1	2
Kanchanpur,	Kanchanpur2	0	0	1	10	0	1	2
Kanchanpur 	Kanchanpur3	0	0	1	10	0	1	2
Kanchanpur,	Kanchanpur3	0	0	1	10	0	1	2
Kanchanpur 	Kanchanpur5	0	0	1	10	0	1	2
Kanchanpur,	Kanchanpur4	0	0	1	10	0	1	2
Kanchanpur 	Kanchanpur4	0	0	1	10	0	1	2
Kanchanpur,	Kanchanpur5	0	0	1	10	0	1	2
Kanchanpur 	Kanchanpur6	0	0	1	10	0	1	2
Kanchanpur,	Kanchanpur6	0	0	1	10	0	1	2
Kanchanpur 	Kanchanpur7	0	0	1	10	0	1	2
Kanchanpur,	Kanchanpur7	0	0	1	10	0	1	2
Kanchanpur 	Kanchanpur8	0	0	1	10	0	1	2
Kanchanpur,	Kanchanpur8	0	0	1	10	0	1	2
Kanchanpur 	Kanchanpur9	0	0	1	10	0	1	2
Kanchanpur,	Kanchanpur9	0	0	1	10	0	1	2
Kanchanpur 	Kanchanpur	0	1	1	10	0	1	2
Kanchanpur,	Kanchanpur	0	1	1	10	0	1	2
and 	Kand	0	0	0	3	1	2	0
Kanchanpur 	Kangchanpur	0	0	0	10	0	2	0
Kanchanpur,	Kangchanpur	0	0	0	10	0	2	0
Wang;	Kang	0	0	0	4	1	2	0
Kanchanpur 	Kannchanpur	0	0	0	10	0	2	2
Kanchanpur,	Kannchanpur	0	0	0	10	0	2	2
Kavre 	Kanre	0	0	0	5	0	2	0
Kavre 	Kapre	0	0	0	5	0	2	0
Japan 	Kapan	0	0	0	5	1	2	0
Karnali 	Karali	0	0	0	7	0	2	0
Rara,	Kara	0	0	0	4	0	2	0
are 	Kare	0	0	0	3	1	2	0
Care 	Kare	0	0	0	4	1	2	2
Kavre 	Kare	0	0	0	5	0	2	0
caste	Kaste	0	0	0	5	1	1	2
caste,	Kaste	0	0	0	5	1	2	2
waste 	Kaste	0	0	0	5	1	2	0
Waste 	Kaste	0	0	0	5	1	2	0
Kathmandu 	Kathmandau	0	0	0	9	1	2	2
Kathmandu.	Kathmandau	0	0	0	9	1	2	2
Kathmandu,	Kathmandau	0	0	0	9	1	2	2
Kathmandu 	Kathmandu	0	1	1	9	1	1	2
Kathmandu,	Kathmandu	0	1	1	9	1	1	2
Kathmandu.	Kathmandu	0	1	1	9	1	1	2
Kathmandu Valley 	Kathmandu Valley	0	1	1	16	0	1	2
Kathmandu Valley.	Kathmandu Valley	0	1	1	16	0	1	2
Kavre 	Kaure	0	0	0	5	0	2	0
cause 	Kause	0	0	0	5	1	2	2
Kavre 	Kavra	0	0	0	5	0	2	2
Kavre 	Kavre	0	1	1	5	0	1	2
Key 	Kep	0	0	0	3	1	2	0
Sep 	Kep	0	0	0	3	1	2	0
Terai 	Kerai	0	0	0	5	0	2	0
Terai.	Kerai	0	0	0	5	0	2	0
Ces 	Kes	0	0	0	3	1	2	0
des 	Kes	0	0	0	3	1	2	0
Key 	Kes	0	0	0	3	1	2	0
had 	Khad	0	0	0	3	1	2	0
Khanal 	Khagal	0	0	0	6	0	2	0
Khadbari-	Khadwari	0	0	0	8	0	2	0
Khadbari-	Khalbari	0	0	0	8	0	2	0
Khanal 	Khanar	0	0	0	6	0	2	0
Khadbari-	Khandbari	0	0	0	8	0	2	0
than 	Khan	0	0	0	4	1	2	0
shape 	Khape	0	0	0	5	1	2	0
Dharan,	Kharan	0	0	0	6	0	2	0
Sharan 	Kharan	0	0	0	6	0	2	0
Khadbari-	Kharbari	0	0	0	8	0	2	0
Kharel,	Khare2	0	0	0	6	0	2	0
Kharel,	Khare1	0	0	0	6	0	2	0
Kharel,	Khare3	0	0	0	6	0	2	0
Kharel,	Khare4	0	0	0	6	0	2	0
Kharel,	Khare6	0	0	0	6	0	2	0
Kharel,	Khare5	0	0	0	6	0	2	0
Kharel,	Khare7	0	0	0	6	0	2	0
Kharel,	Khare8	0	0	0	6	0	2	0
Kharel,	Kharen	0	0	0	6	0	2	0
Kharel,	Khare9	0	0	0	6	0	2	0
Share 	Khare	0	0	0	5	1	2	0
Ghar 	Khar	0	0	0	4	0	2	2
Kharipati.	Kharipani	0	0	0	9	0	2	0
Kharipati.	Kharipate	0	0	0	9	0	2	2
Kharipati.	Kharipati	0	1	1	9	0	1	2
Kharel,	Kharpel	0	0	0	6	0	2	0
these 	Khese	0	0	0	5	1	2	0
These 	Khese	0	0	0	5	1	2	0
huge 	Khuge	0	0	0	4	1	2	0
rich 	Kich	0	0	0	4	1	2	0
Kohalpur 	Kodalpur	0	0	0	8	0	2	0
Kohalpur,	Kodalpur	0	0	0	8	0	2	0
Kohalpur 	Kohalpur1	0	0	1	8	0	1	2
Kohalpur,	Kohalpur1	0	0	1	8	0	1	2
Kohalpur 	Kohalpur2	0	0	1	8	0	1	2
Kohalpur,	Kohalpur2	0	0	1	8	0	1	2
Kohalpur 	Kohalpur3	0	0	1	8	0	1	2
Kohalpur,	Kohalpur3	0	0	1	8	0	1	2
Kohalpur 	Kohalpur4	0	0	1	8	0	1	2
Kohalpur,	Kohalpur4	0	0	1	8	0	1	2
Kohalpur 	Kohalpur5	0	0	1	8	0	1	2
Kohalpur,	Kohalpur5	0	0	1	8	0	1	2
Kohalpur 	Kohalpur6	0	0	1	8	0	1	2
Kohalpur,	Kohalpur6	0	0	1	8	0	1	2
Kohalpur 	Kohalpur7	0	0	1	8	0	1	2
Kohalpur,	Kohalpur7	0	0	1	8	0	1	2
Kohalpur 	Kohalpur8	0	0	1	8	0	1	2
Kohalpur 	Kohalpur9	0	0	1	8	0	1	2
Kohalpur,	Kohalpur8	0	0	1	8	0	1	2
Kohalpur,	Kohalpur9	0	0	1	8	0	1	2
Kohalpur 	Kohalpur	0	1	1	8	0	1	2
Kohalpur,	Kohalpur	0	1	1	8	0	1	2
solar	Kolar	0	0	0	5	1	1	0
role 	Kole	0	0	0	4	1	2	0
uomo 	Komo	0	0	0	4	0	2	0
non-	Kon	0	0	0	3	1	2	0
von 	Kon	0	0	0	3	1	2	0
cope 	Kope	0	0	0	4	1	2	2
Morang,	Korang	0	0	0	6	0	2	0
Morang 	Korang	0	0	0	6	0	2	0
Koshi 	Koshi	0	1	1	5	0	1	2
Koshi 	Kothi	0	0	0	5	0	2	0
not 	Kot	0	0	0	3	1	2	0
Not 	Kot	0	0	0	3	1	2	0
Kohalpur,	Koyalpur	0	0	0	8	0	2	0
Kohalpur 	Koyalpur	0	0	0	8	0	2	0
such 	Kuch	0	0	0	4	1	2	0
Jul 	Kul	0	0	0	3	1	2	0
Kumar 	Kudar	0	0	0	5	1	2	0
sul 	Kul	0	0	0	3	1	2	0
Kumar 	Kumai	0	0	0	5	1	2	0
Kumar 	Kumara	0	0	0	5	1	1	2
Kumar 	Kumal	0	0	0	5	1	2	0
Kumar 	Kumari	0	0	0	5	1	1	2
fund 	Kund	0	0	0	4	1	2	0
und 	Kund	0	0	0	3	1	2	0
Jun 	Kun	0	0	0	3	1	2	0
Fund 	Kund	0	0	0	4	1	2	0
nun 	Kun	0	0	0	3	1	2	0
rural 	Kural	0	0	0	5	1	2	0
rural-	Kural	0	0	0	5	1	2	0
Rural 	Kural	0	0	0	5	1	2	0
Kumar 	Kurmar	0	0	0	5	1	2	0
fuse,	Kuse	0	0	0	4	1	2	0
user 	Kuser	0	0	0	4	1	2	0
use 	Kuse	0	0	0	3	1	2	0
Kumar 	Kutar	0	0	0	5	1	2	0
but 	Kut	0	0	0	3	1	2	0
But 	Kut	0	0	0	3	1	2	0
out 	Kut	0	0	0	3	1	2	0
age 	Lage	0	0	0	3	1	2	0
Labor 	Labur	0	0	0	5	1	2	2
made 	Lade	0	0	0	4	1	2	0
page 	Lage	0	0	0	4	1	2	0
Page 	Lage	0	0	0	4	1	2	0
wage 	Lage	0	0	0	4	1	2	0
Lainchaur-	Lainchaur	0	1	1	9	0	1	2
Last 	Lait	0	0	0	4	1	2	0
Damage 	Lamage	0	0	0	6	1	2	0
Name 	Lame	0	0	0	4	1	2	0
Name;	Lame	0	0	0	4	1	2	0
same.	Lame	0	0	0	4	1	2	0
gap 	Lap	0	0	0	3	1	2	0
gap-	Lap	0	0	0	3	1	2	0
capo 	Lapo	0	0	0	4	1	2	0
Rara,	Lara	0	0	0	4	0	2	0
far 	Lar	0	0	0	3	1	2	0
far-	Lar	0	0	0	3	1	2	0
far,	Lar	0	0	0	3	1	2	0
Far-	Lar	0	0	0	3	1	2	0
Last 	Lasa	0	0	0	4	1	2	0
Mar 	Lar	0	0	0	3	1	2	0
das 	Las	0	0	0	3	1	2	0
has 	Las	0	0	0	3	1	2	0
Last 	Lash	0	0	0	4	1	2	0
cash-	Lash	0	0	0	4	1	2	0
Last 	Lasti	0	0	0	4	1	1	2
Last 	Lasi	0	0	0	4	1	2	0
was 	Las	0	0	0	3	1	2	0
data 	Lata	0	0	0	4	1	2	0
Data 	Lata	0	0	0	4	1	2	0
eda.	Leda	0	0	0	3	1	2	0
Les 	Leg	0	0	0	3	1	2	0
Log 	Leg	0	0	0	3	1	2	2
Les 	Lek	0	0	0	3	1	2	0
Tek 	Lek	0	0	0	3	0	2	0
Leste 	Leste	0	1	1	5	0	1	2
Leste 	Lete	0	0	0	5	0	2	0
Loan 	Lhan	0	0	0	4	1	2	2
than 	Lhan	0	0	0	4	1	2	0
Who 	Lho	0	0	0	3	1	2	0
Line 	Lime	0	0	0	4	1	2	0
who 	Lho	0	0	0	3	1	2	0
time 	Lime	0	0	0	4	1	2	0
Simikot.	Limikot	0	0	0	7	0	2	0
finding 	Linding	0	0	0	7	1	2	0
Line 	Lise	0	0	0	4	1	2	0
finding:	Linding	0	0	0	7	1	2	0
Line 	Lisne	0	0	0	4	1	2	0
Code 	Lode	0	0	0	4	1	2	0
rise 	Lise	0	0	0	4	1	2	0
Log 	Lod	0	0	0	3	1	2	0
Log 	Loga	0	0	0	3	1	1	2
Logo 	Loga	0	0	0	4	1	2	2
role 	Lole	0	0	0	4	1	2	0
Lukla,	Lukka	0	0	0	5	0	2	0
Lukla,	Lukla	0	1	1	5	0	1	2
Lukla,	Lukma	0	0	0	5	0	2	0
Dumre 	Lumre	0	0	0	5	0	2	0
Gurung 	Lurung	0	0	0	6	0	2	0
Machine 	Machane	0	0	0	7	1	2	1
Pusa	Lusa	0	0	0	4	0	1	0
made 	Made	0	1	1	4	1	2	2
had 	Mad	0	0	0	3	1	2	0
Maa 	Mad	0	0	0	3	1	2	0
Man 	Mad	0	0	0	3	1	2	0
Mar 	Mad	0	0	0	3	1	2	0
May 	Mad	0	0	0	3	1	2	0
Mid-	Mad	0	0	0	3	1	2	2
Maa 	Maga	0	0	0	3	1	2	0
Maharajgunj 	Maharajganj	0	0	0	11	0	2	1
Maa 	Maha	0	0	0	3	1	2	0
Mahendra 	Mahendri	0	0	0	8	1	2	2
Maharajgunj 	Maharajgunj	0	1	1	11	0	1	1
aide 	Maide	0	0	0	4	1	2	0
Malla 	Maila	0	0	0	5	0	2	2
Manila,	Maila	0	0	0	6	1	2	0
Maa 	Mai	0	0	0	3	1	2	2
Mar 	Mai	0	0	0	3	1	2	0
Man 	Mai	0	0	0	3	1	2	0
May 	Mai	0	0	0	3	1	2	2
Mei 	Mai	0	0	0	3	1	2	2
Lainchaur-	Mainchaur	0	0	0	9	0	2	0
Rai 	Mai	0	0	0	3	1	2	0
Maa 	Maja	0	0	0	3	1	2	0
make 	Make	0	1	1	4	1	2	2
Maa 	Mala	0	0	0	3	1	2	0
take 	Make	0	0	0	4	1	2	0
Malla 	Mala	0	0	0	5	0	2	2
male 	Male	0	1	1	4	1	2	2
Malla 	Malka	0	0	0	5	0	2	0
Malla 	Mallaj	0	0	0	5	0	1	1
Malla 	Malla	0	1	1	5	0	1	2
Malla 	Mallau	0	0	0	5	0	1	2
Malla 	Malma	0	0	0	5	0	2	0
Malla 	Malle	0	0	0	5	0	2	1
Palpa 	Malpa	0	0	0	5	0	2	0
Malla 	Malpa	0	0	0	5	0	2	0
Malla 	Malta	0	0	0	5	0	2	0
Malla 	Malya	0	0	0	5	0	2	2
Manager 	Managar	0	0	0	7	1	2	1
Malla 	Mamla	0	0	0	5	0	2	0
Man 	Mane	0	0	0	3	1	1	2
Many 	Mane	0	0	0	4	1	2	2
Mangal 	Mangali	0	0	0	6	0	1	2
Mangal 	Mangale	0	0	0	6	0	1	2
Mangal 	Mangal	0	1	1	6	0	1	2
Manual 	Mangal	0	0	0	6	1	2	0
Man 	Mani	0	0	0	3	1	1	2
Many 	Mani	0	0	0	4	1	2	2
Many 	Manu	0	0	0	4	1	2	2
Man 	Manu	0	0	0	3	1	1	2
Map_¬	Mapu	0	0	0	3	0	2	2
Maa 	Mara	0	0	0	3	1	2	0
Mar 	Mara	0	0	0	3	1	1	2
Morang 	Marang	0	0	0	6	0	2	2
Morang,	Marang	0	0	0	6	0	2	2
March 	Marchi	0	0	0	5	1	1	2
March 	Marchu	0	0	0	5	1	1	2
Rara,	Mara	0	0	0	4	0	2	0
far-	Mar	0	0	0	3	1	2	0
far,	Mar	0	0	0	3	1	2	0
Manila,	Marila	0	0	0	6	1	2	0
Far-	Mar	0	0	0	3	1	2	0
Market-	Marke1	0	0	0	6	1	2	0
Market-	Marke4	0	0	0	6	1	2	0
Market-	Marke2	0	0	0	6	1	2	0
Market-	Marke3	0	0	0	6	1	2	0
Market-	Marke5	0	0	0	6	1	2	0
Market-	Marke6	0	0	0	6	1	2	0
Market-	Marke7	0	0	0	6	1	2	0
Market-	Marke8	0	0	0	6	1	2	0
Market-	Marke9	0	0	0	6	1	2	0
Maa 	Mar	0	0	0	3	1	2	0
Market-	Markot	0	0	0	6	1	2	2
Man 	Mar	0	0	0	3	1	2	0
Mar 	Mar	0	1	1	3	1	1	2
May 	Mar	0	0	0	3	1	2	0
farming 	Marming	0	0	0	7	1	2	0
farming;	Marming	0	0	0	7	1	2	0
par 	Mar	0	0	0	3	1	2	0
caste,	Maste	0	0	0	5	1	2	0
Marsyangdi 	Marsyangdi	0	1	1	10	0	1	2
Marshyandi 	Marsyandi	0	0	0	10	0	2	0
caste	Maste	0	0	0	5	1	1	0
Waste 	Maste	0	0	0	5	1	2	0
waste 	Maste	0	0	0	5	1	2	0
data 	Mata	0	0	0	4	1	2	0
Data 	Mata	0	0	0	4	1	2	0
Maa 	Mata	0	0	0	3	1	2	0
Matatirtha 	Matatirtha1	0	0	1	10	0	1	2
Matatirtha 	Matatirtha2	0	0	1	10	0	1	2
Matatirtha 	Matatirtha3	0	0	1	10	0	1	2
Matatirtha 	Matatirtha4	0	0	1	10	0	1	2
Matatirtha 	Matatirtha5	0	0	1	10	0	1	2
Matatirtha 	Matatirtha6	0	0	1	10	0	1	2
Matatirtha 	Matatirtha7	0	0	1	10	0	1	2
Matatirtha 	Matatirtha8	0	0	1	10	0	1	2
Matatirtha 	Matatirtha9	0	0	1	10	0	1	2
Matatirtha 	Matatirtha	0	1	1	10	0	1	2
date 	Mate	0	0	0	4	1	2	0
Date;	Mate	0	0	0	4	1	2	0
Date 	Mate	0	0	0	4	1	2	0
rate 	Mate	0	0	0	4	1	2	0
Maa 	Mat	0	0	0	3	1	2	0
Man 	Mat	0	0	0	3	1	2	0
Mar 	Mat	0	0	0	3	1	2	0
May 	Mat	0	0	0	3	1	2	0
Malla 	Maula	0	0	0	5	0	2	2
Mar 	Maur	0	0	0	3	1	2	2
Maa 	Maya	0	0	0	3	1	2	2
May 	Maya	0	0	0	3	1	1	2
May 	Maye	0	0	0	3	1	1	2
media 	Media	0	1	1	5	1	2	2
Mei 	Meji	0	0	0	3	1	2	0
Mei 	Meli	0	0	0	3	1	2	0
Mei 	Mel	0	0	0	3	1	2	0
Tel.	Mel	0	0	0	3	1	2	0
here 	Mere	0	0	0	4	1	2	0
Monde)	Mende	0	0	0	5	1	2	2
More 	Mere	0	0	0	4	1	2	2
were 	Mere	0	0	0	4	1	2	0
Mid-	Midi	0	0	0	3	1	1	2
Mills 	Milli	0	0	0	5	1	2	0
Morang 	Mobang	0	0	0	6	0	2	0
Morang,	Mobang	0	0	0	6	0	2	0
More 	Mora	0	0	0	4	1	2	2
Mid-	Mod	0	0	0	3	1	2	2
Morang 	Morange	0	0	0	6	0	1	1
Morang,	Morange	0	0	0	6	0	1	1
Morang 	Morangi	0	0	0	6	0	1	1
Morang,	Morangi	0	0	0	6	0	1	1
Morang,	Morang	0	1	1	6	0	1	2
Morang 	Morang	0	1	1	6	0	1	2
Morang 	Morbang	0	0	0	6	0	2	0
Morang,	Morbang	0	0	0	6	0	2	0
Morang 	Moreng	0	0	0	6	0	2	2
Morang,	Moreng	0	0	0	6	0	2	2
for 	Mor	0	0	0	3	1	2	0
For 	Mor	0	0	0	3	1	2	0
More 	Mori	0	0	0	4	1	2	2
More 	Moro	0	0	0	4	1	2	2
Morang 	Motang	0	0	0	6	0	2	0
Morang,	Motang	0	0	0	6	0	2	0
both 	Moth	0	0	0	4	1	2	0
huge 	Muge	0	0	0	4	1	2	0
Both 	Moth	0	0	0	4	1	2	0
Jul 	Mul	0	0	0	3	1	2	0
Malla 	Mulla	0	0	0	5	0	2	2
sul 	Mul	0	0	0	3	1	2	0
nun 	Mun	0	0	0	3	1	2	0
Jun 	Mun	0	0	0	3	1	2	0
rural-	Mural	0	0	0	5	1	2	0
rural 	Mural	0	0	0	5	1	2	0
Rural 	Mural	0	0	0	5	1	2	0
fuse,	Muse	0	0	0	4	1	2	0
made 	Nade	0	0	0	4	1	2	0
Maa 	Naa	0	0	0	3	1	2	0
use 	Muse	0	0	0	3	1	2	0
Name 	Nade	0	0	0	4	1	2	0
Name;	Nade	0	0	0	4	1	2	0
mail 	Nail	0	0	0	4	1	2	0
air 	Nair	0	0	0	3	1	2	0
fair;	Nair	0	0	0	4	1	2	0
make 	Nake	0	0	0	4	1	2	0
Name 	Nake	0	0	0	4	1	2	0
Name;	Nake	0	0	0	4	1	2	0
take 	Nake	0	0	0	4	1	2	0
Malla 	Nalla	0	0	0	5	0	2	0
Bam 	Nam	0	0	0	3	1	2	0
Name 	Namje	0	0	0	4	1	2	0
Name;	Namje	0	0	0	4	1	2	0
Name 	Namke	0	0	0	4	1	2	0
Name 	Namle	0	0	0	4	1	2	0
Name;	Namke	0	0	0	4	1	2	0
Name;	Namle	0	0	0	4	1	2	0
Ram 	Nam	0	0	0	3	1	2	0
Name;	Namse	0	0	0	4	1	2	0
Name 	Namse	0	0	0	4	1	2	0
Janakpur,	Nanakpur	0	0	0	8	0	2	0
range 	Nange	0	0	0	5	1	2	0
Mangal 	Nangal	0	0	0	6	0	2	0
range,	Nange	0	0	0	5	1	2	0
Wang;	Nang	0	0	0	4	1	2	0
Narayani,	Narapani	0	0	0	8	0	2	0
Rara,	Nara	0	0	0	4	0	2	0
Narayani,	Narayani1	0	0	1	8	0	1	2
Narayani,	Narayani2	0	0	1	8	0	1	2
Narayani,	Narayani4	0	0	1	8	0	1	2
Narayani,	Narayani5	0	0	1	8	0	1	2
Narayani,	Narayani3	0	0	1	8	0	1	2
Narayani,	Narayani6	0	0	1	8	0	1	2
Narayani,	Narayani8	0	0	1	8	0	1	2
Narayani,	Narayani7	0	0	1	8	0	1	2
Narayani,	Narayani9	0	0	1	8	0	1	2
Narayan 	Narayani	0	0	0	7	1	1	2
Narayani,	Narayani	0	1	1	8	0	1	2
Narayan 	Narayan	0	1	1	7	1	1	2
are 	Nare	0	0	0	3	1	2	0
Care 	Nare	0	0	0	4	1	2	0
Name;	Nare	0	0	0	4	1	2	0
N are 	Nare	0	1	1	5	0	2	2
far 	Nar	0	0	0	3	1	2	0
far,	Nar	0	0	0	3	1	2	0
Far-	Nar	0	0	0	3	1	2	0
far-	Nar	0	0	0	3	1	2	0
Mar 	Nar	0	0	0	3	1	2	0
Nauru 	Naura	0	0	0	5	1	2	2
della 	Nella	0	0	0	5	1	2	0
par 	Nar	0	0	0	3	1	2	0
Rel.	Nel	0	0	0	3	1	2	0
New 	Nel	0	0	0	3	1	2	0
Nepal	Nepa1	0	0	0	5	1	1	0
Tel.	Nel	0	0	0	3	1	2	0
Nepal 	Nepa1	0	0	0	5	1	2	0
Nepal 	Nepa2	0	0	0	5	1	2	0
Nepal	Nepa2	0	0	0	5	1	1	0
Nepal	Nepa3	0	0	0	5	1	1	0
Nepal 	Nepa3	0	0	0	5	1	2	0
Nepal	Nepa4	0	0	0	5	1	1	0
Nepal	Nepa5	0	0	0	5	1	1	0
Nepal 	Nepa4	0	0	0	5	1	2	0
Nepal 	Nepa5	0	0	0	5	1	2	0
Nepal	Nepa6	0	0	0	5	1	1	0
Nepal 	Nepa6	0	0	0	5	1	2	0
Nepal	Nepa7	0	0	0	5	1	1	0
Nepal 	Nepa7	0	0	0	5	1	2	0
Nepal	Nepa8	0	0	0	5	1	1	0
Nepal 	Nepa8	0	0	0	5	1	2	0
Nepal	Nepa9	0	0	0	5	1	1	0
Nepal	Nepale	0	0	0	5	1	1	2
Nepal 	Nepa9	0	0	0	5	1	2	0
Nepal 	Nepale	0	0	0	5	1	1	2
Nepalgunj,	Nepalganj	0	0	0	9	0	2	2
Nepalgunj,	Nepalgunj	0	1	1	9	0	1	2
Nepal 	Nepal	0	1	1	5	1	1	2
Nepal	Nepal	1	1	1	5	1	0	2
Nepali 	Nepani	0	0	0	6	1	2	0
Nepal	Nepan	0	0	0	5	1	1	0
Nepal 	Nepan	0	0	0	5	1	2	0
versa,	Nersa	0	0	0	5	1	2	0
NoÔ	Nos	0	0	0	2	0	1	0
Nov 	Nos	0	0	0	3	1	2	0
Number 	Numbur	0	0	0	6	1	2	0
One 	Obe	0	0	0	3	1	2	0
eda.	Oda	0	0	0	3	1	2	2
Okhaldunga-	Okhaldhunga	0	0	0	10	0	2	2
Okhaldunga-	Okhalhunga	0	0	0	10	0	2	0
use 	Ose	0	0	0	3	1	2	2
One 	Ose	0	0	0	3	1	2	0
the 	Othe	0	0	0	3	1	2	0
Palau 	Padau	0	0	0	5	1	2	0
made 	Pade	0	0	0	4	1	2	0
Page 	Pade	0	0	0	4	1	2	0
Palau 	Palad	0	0	0	5	1	2	0
Page 	Pagu	0	0	0	4	1	2	1
Page 	Paga	0	0	0	4	1	2	1
Palau 	Palai	0	0	0	5	1	2	2
Palau 	Palam	0	0	0	5	1	2	0
Palau 	Palan	0	0	0	5	1	2	0
Plan,	Palan	0	0	0	4	1	2	2
Palpa 	Pala	0	0	0	5	0	2	0
Palau 	Palapu	0	0	0	5	1	2	0
Palau 	Palar	0	0	0	5	1	2	0
Palau 	Palaru	0	0	0	5	1	2	0
Palau 	Palat	0	0	0	5	1	2	0
male 	Pale	0	0	0	4	1	2	0
Page 	Pale	0	0	0	4	1	2	0
Malla 	Palla	0	0	0	5	0	2	0
Palpa 	Palla	0	0	0	5	0	2	0
Palpa 	Palma	0	0	0	5	0	2	0
Palpa 	Pālpa	0	0	1	5	0	3	2
Palpa 	Palpa	0	1	1	5	0	1	2
Palpa 	Palpha	0	0	0	5	0	2	0
Palpa 	Palsa	0	0	0	5	0	2	0
Paesi 	Palsi	0	0	0	5	0	2	0
Palpa 	Palta	0	0	0	5	0	2	0
Bam 	Pam	0	0	0	3	1	2	2
Name;	Pame	0	0	0	4	1	2	0
Page 	Pame	0	0	0	4	1	2	0
same.	Pame	0	0	0	4	1	2	0
Ram 	Pam	0	0	0	3	1	2	0
Panauti,	Panaoti	0	0	0	7	0	2	2
Panauti,	Panauli	0	0	0	7	0	2	0
Panauti,	Panauta	0	0	0	7	0	2	2
Panauti,	Panauti	0	1	1	7	0	1	2
can 	Pan	0	0	0	3	1	2	0
Panchthar.	Panchthar	0	1	1	9	0	1	2
Page 	Pane	0	0	0	4	1	2	0
Rara,	Para	0	0	0	4	0	2	0
Wang;	Pang	0	0	0	4	1	2	0
Page 	Pare	0	0	0	4	1	2	0
are 	Pare	0	0	0	3	1	2	0
Palpa 	Paspa	0	0	0	5	0	2	0
data 	Pata	0	0	0	4	1	2	0
Data 	Pata	0	0	0	4	1	2	0
Panauti,	Patauti	0	0	0	7	0	2	0
date 	Pate	0	0	0	4	1	2	0
Date 	Pate	0	0	0	4	1	2	0
Date;	Pate	0	0	0	4	1	2	0
Page 	Pate	0	0	0	4	1	2	0
rate 	Pate	0	0	0	4	1	2	0
eda.	Peda	0	0	0	3	1	2	0
Rel.	Pel	0	0	0	3	1	2	0
Tel.	Pel	0	0	0	3	1	2	0
der 	Per	0	0	0	3	1	2	0
here 	Pere	0	0	0	4	1	2	0
Pre-	Pere	0	0	0	3	1	2	2
were 	Pere	0	0	0	4	1	2	0
per 	Per	0	1	1	3	1	2	2
Pusa	Pesa	0	0	0	4	0	1	2
Ver.	Per	0	0	0	3	1	2	0
Phase 	Phakse	0	0	0	5	1	2	0
Phase 	Phale	0	0	0	5	1	2	0
that 	Phat	0	0	0	4	1	2	0
Phase 	Pharse	0	0	0	5	1	2	0
What 	Phat	0	0	0	4	1	2	0
here 	Phere	0	0	0	4	1	2	0
there 	Phere	0	0	0	5	1	2	0
There 	Phere	0	0	0	5	1	2	0
where 	Phere	0	0	0	5	1	2	0
Where 	Phere	0	0	0	5	1	2	0
Who 	Pho	0	0	0	3	1	2	0
who 	Pho	0	0	0	3	1	2	0
aid 	Pid	0	0	0	3	1	2	0
Bid 	Pid	0	0	0	3	1	2	2
Aid 	Pid	0	0	0	3	1	2	0
mid 	Pid	0	0	0	3	1	2	0
mid-	Pid	0	0	0	3	1	2	0
Mid-	Pid	0	0	0	3	1	2	0
eine 	(Pine)	0	0	0	4	1	3	0
line 	(Pine)	0	0	0	4	1	3	0
line,	(Pine)	0	0	0	4	1	3	0
Pilot 	Plot	0	0	0	5	1	2	2
Pokharel 	Pokhare1	0	0	0	8	0	2	0
Pokharel 	Pokhare2	0	0	0	8	0	2	0
Pokharel 	Pokhare3	0	0	0	8	0	2	0
Pokharel 	Pokhare6	0	0	0	8	0	2	0
Pokharel 	Pokhare4	0	0	0	8	0	2	0
Pokharel 	Pokhare5	0	0	0	8	0	2	0
Pokharel 	Pokhare7	0	0	0	8	0	2	0
Pokharel 	Pokhare8	0	0	0	8	0	2	0
Pokharel 	Pokhare9	0	0	0	8	0	2	0
Pokharel 	Pokharel	0	1	1	8	0	1	2
done 	Pone	0	0	0	4	1	2	0
done.	Pone	0	0	0	4	1	2	0
one.	Pone	0	0	0	3	1	2	0
one 	Pone	0	0	0	3	1	2	0
for 	Por	0	0	0	3	1	2	0
For 	Por	0	0	0	3	1	2	0
Poor 	Por	0	0	0	4	1	2	2
Proj 	Prok	0	0	0	4	0	2	0
huge 	Puge	0	0	0	4	1	2	0
Page 	Puge	0	0	0	4	1	2	2
Pusa	Pula	0	0	0	4	0	1	0
Pusa	Puja	0	0	0	4	0	1	0
Pusa	Puma	0	0	0	4	0	1	0
Pusa	Puna	0	0	0	4	0	1	0
Jun 	Pun	0	0	0	3	1	2	0
nun 	Pun	0	0	0	3	1	2	0
urban 	Purban	0	0	0	5	1	2	0
urban)	Purban	0	0	0	5	1	2	0
Gurung 	Purung	0	0	0	6	0	2	0
Pusa	Pusa	1	1	1	4	0	0	2
Pusha 	Putha	0	0	0	5	0	2	0
Rai 	Rabi	0	0	0	3	1	2	0
Pusa	Puwa	0	0	0	4	0	1	0
Rara,	Rada	0	0	0	4	0	2	0
Rai 	Radi	0	0	0	3	1	2	0
Radio,	Radil	0	0	0	5	1	2	0
Rara,	Raga	0	0	0	4	0	2	0
age 	Rage	0	0	0	3	1	2	0
page 	Rage	0	0	0	4	1	2	0
Page 	Rage	0	0	0	4	1	2	0
wage 	Rage	0	0	0	4	1	2	0
Bagmati,	Ragmati	0	0	0	7	0	2	0
Rai 	Rag	0	0	0	3	1	2	0
Raj 	Rag	0	0	0	3	1	2	0
Ram 	Rag	0	0	0	3	1	2	0
Rara,	Raha	0	0	0	4	0	2	0
mail 	Rail	0	0	0	4	1	2	0
Raj 	Rai	0	0	0	3	1	2	0
Rai 	Rai	0	1	1	3	1	1	2
Ram 	Rai	0	0	0	3	1	2	0
Rara,	Raira	0	0	0	4	0	2	2
Raj 	Raja	0	0	0	3	1	1	1
Raising 	Raisinge	0	0	0	7	1	1	1
Rara,	Raja	0	0	0	4	0	2	0
Rai 	Raji	0	0	0	3	1	2	0
Raj 	Raji	0	0	0	3	1	1	2
make 	Rake	0	0	0	4	1	2	0
take 	Rake	0	0	0	4	1	2	0
Rai 	Rak	0	0	0	3	1	2	0
Rack 	Rak	0	0	0	4	1	2	2
Raj 	Rak	0	0	0	3	1	2	0
Ram 	Rak	0	0	0	3	1	2	0
Rara,	Rala	0	0	0	4	0	2	0
male 	Rale	0	0	0	4	1	2	0
Ram 	Rama	0	0	0	3	1	1	2
Rara,	Rama	0	0	0	4	0	2	0
Damauli 	Ramauli	0	0	0	7	0	2	0
Rara,	Rana	0	0	0	4	0	2	0
can 	Ran	0	0	0	3	1	2	0
range 	Range	0	1	1	5	1	2	2
range,	Range	0	1	1	5	1	2	2
Wang;	Rang	0	0	0	4	1	2	0
Rai 	Rani	0	0	0	3	1	2	0
bank 	Rank	0	0	0	4	1	2	0
bank,	Rank	0	0	0	4	1	2	0
Bank 	Rank	0	0	0	4	1	2	0
Bank.	Rank	0	0	0	4	1	2	0
Bank'	Rank	0	0	0	4	1	2	0
Raising 	Ransing	0	0	0	7	1	2	0
Rara,	Rara	0	1	1	4	0	1	2
Rara,	Rāra	0	0	1	4	0	3	2
Care 	Rare	0	0	0	4	1	2	0
are 	Rare	0	0	0	3	1	2	0
Rara,	Rare	0	0	0	4	0	2	2
Rara,	Raru	0	0	0	4	0	2	2
Rai 	Rasi	0	0	0	3	1	2	0
data 	Rata	0	0	0	4	1	2	0
Data 	Rata	0	0	0	4	1	2	0
date 	Rate	0	0	0	4	1	2	0
Date;	Rate	0	0	0	4	1	2	0
Date 	Rate	0	0	0	4	1	2	0
rate 	Rate	0	1	1	4	1	2	2
Rara,	Rawa	0	0	0	4	0	2	0
Rara,	Raya	0	0	0	4	0	2	0
near 	Rear	0	0	0	4	1	2	0
Read 	Rear	0	0	0	4	1	2	0
year 	Rear	0	0	0	4	1	2	0
Mechi)	Rechi	0	0	0	5	0	2	0
year,	Rear	0	0	0	4	1	2	0
Year 	Rear	0	0	0	4	1	2	0
Rel.	Reg	0	0	0	3	1	2	0
Rel.	Rele	0	0	0	3	1	1	2
semi-	Remi	0	0	0	4	1	2	0
Semi 	Remi	0	0	0	4	1	2	0
Semi-	Remi	0	0	0	4	1	2	0
temi 	Remi	0	0	0	4	0	2	0
Rest 	Resa	0	0	0	4	1	2	0
Rest 	Resh	0	0	0	4	1	2	0
Rel.	Reu	0	0	0	3	1	2	0
like 	Rike	0	0	0	4	1	2	0
Rel.	Ril	0	0	0	3	1	2	2
Ram 	Rim	0	0	0	3	1	2	2
pipe 	Ripe	0	0	0	4	1	2	0
Dolpa)	Rolpa	0	0	0	5	0	2	0
Koshi 	Roshi	0	0	0	5	0	2	0
notes 	Rotes	0	0	0	5	1	2	0
Raj 	Ruj	0	0	0	3	1	2	1
Ram 	Rum	0	0	0	3	1	2	2
June 	Rune	0	0	0	4	1	2	0
une 	Rune	0	0	0	3	1	2	0
uno 	Runo	0	0	0	3	1	2	0
Rural 	Rupal	0	0	0	5	1	2	0
Rural 	Ruyal	0	0	0	5	1	2	0
Sagarmatha,	Sagarmatha	0	1	1	10	0	1	2
pagina 	Sagina	0	0	0	6	0	2	0
pagine 	Sagine	0	0	0	6	0	2	0
Share 	Sahare	0	0	0	5	1	2	0
mail 	Sail	0	0	0	4	1	2	0
Lainchaur-	Sainchaur	0	0	0	9	0	2	0
gain 	Sain	0	0	0	4	1	2	0
main 	Sain	0	0	0	4	1	2	0
rain-	Sain	0	0	0	4	1	2	0
Rai 	Sai	0	0	0	3	1	2	0
Safe 	Saje	0	0	0	4	1	2	0
Malla 	Salla	0	0	0	5	0	2	0
Raj 	Saj	0	0	0	3	1	2	0
Salleri-	Salleni	0	0	0	7	0	2	0
Salleri-	Salleri1	0	0	1	7	0	1	2
Salleri-	Salleri2	0	0	1	7	0	1	2
Salleri-	Salleri3	0	0	1	7	0	1	2
Salleri-	Salleri5	0	0	1	7	0	1	2
Salleri-	Salleri4	0	0	1	7	0	1	2
Salleri-	Salleri6	0	0	1	7	0	1	2
Salleri-	Salleri7	0	0	1	7	0	1	2
Salleri-	Salleri8	0	0	1	7	0	1	2
Salleri-	Salleri9	0	0	1	7	0	1	2
Salleri-	Salleri	0	1	1	7	0	1	2
Samoa 	Sama	0	0	0	5	1	2	2
Bam 	Sam	0	0	0	3	1	2	0
Samoa 	Samda	0	0	0	5	1	2	0
Semi 	Sami	0	0	0	4	1	2	2
Semi-	Sami	0	0	0	4	1	2	2
Ram 	Sam	0	0	0	3	1	2	0
Samoa 	Samja	0	0	0	5	1	2	0
Samoa 	Samsa	0	0	0	5	1	2	0
Banepa 	Sanepa	0	0	0	6	0	2	0
Saptari 	Saptari	0	1	1	7	0	1	2
Saptari 	Saptarī	0	0	1	7	0	2	2
Sharan 	Saran	0	0	0	6	0	2	0
Rara,	Sara	0	0	0	4	0	2	0
Safe 	Sare	0	0	0	4	1	2	0
are 	Sare	0	0	0	3	1	2	0
Share 	Sare	0	0	0	5	1	2	0
data 	Sata	0	0	0	4	1	2	0
Data 	Sata	0	0	0	4	1	2	0
Saptari 	Sattari	0	0	0	7	0	2	0
Nauru 	Sauru	0	0	0	5	1	2	0
Semi 	Sehi	0	0	0	4	1	2	0
Semi-	Sehi	0	0	0	4	1	2	0
See 	Seje	0	0	0	3	1	2	0
See 	Sek	0	0	0	3	1	2	0
Self 	Sela	0	0	0	4	1	2	0
Self 	Seli	0	0	0	4	1	2	0
See 	Sele	0	0	0	3	1	2	0
Semi-	Seli	0	0	0	4	1	2	0
nelle 	Selle	0	0	0	5	1	2	0
Self 	Selo	0	0	0	4	1	2	0
Rel.	Sel	0	0	0	3	1	2	0
See 	Sel	0	0	0	3	1	2	0
Tel.	Sel	0	0	0	3	1	2	0
See 	Sem	0	0	0	3	1	2	0
See 	Sene	0	0	0	3	1	2	0
Semi 	Seni	0	0	0	4	1	2	0
Semi-	Seni	0	0	0	4	1	2	0
Nepal 	Sepal	0	0	0	5	1	2	0
Nepal	Sepal	0	0	0	5	1	1	0
Semi 	Sepi	0	0	0	4	1	2	0
Semi-	Sepi	0	0	0	4	1	2	0
Sep 	Sepi	0	0	0	3	1	1	2
See 	Sep	0	0	0	3	1	2	0
Sep 	Sep	0	1	1	3	1	1	2
Seite 	Septe	0	0	0	5	0	2	0
Semi 	Seri	0	0	0	4	1	2	0
Semi-	Seri	0	0	0	4	1	2	0
Serve 	Serke	0	0	0	5	1	2	0
Serve 	Serpe	0	0	0	5	1	2	0
Share 	Shale	0	0	0	5	1	2	0
Sharan 	Sharane	0	0	0	6	0	1	2
Siraha,	Sigraha	0	0	0	6	0	2	0
Sign 	Sigu	0	0	0	4	1	2	0
Sie 	Sihe	0	0	0	3	1	2	0
Sie 	Sile	0	0	0	3	1	2	0
Sie 	Sime	0	0	0	3	1	2	0
Some 	Sime	0	0	0	4	1	2	2
time 	Sime	0	0	0	4	1	2	0
Simikot.	Simikot1	0	0	1	7	0	1	2
Simikot.	Simikot2	0	0	1	7	0	1	2
Simikot.	Simikot3	0	0	1	7	0	1	2
Simikot.	Simikot4	0	0	1	7	0	1	2
Simikot.	Simikot5	0	0	1	7	0	1	2
Simikot.	Simikot6	0	0	1	7	0	1	2
Simikot.	Simikot7	0	0	1	7	0	1	2
Simikot.	Simikot8	0	0	1	7	0	1	2
Simikot.	Simikot9	0	0	1	7	0	1	2
Simikot.	Simikot	0	1	1	7	0	1	2
Semi 	Simi	0	0	0	4	1	2	2
Semi-	Simi	0	0	0	4	1	2	2
Simikot.	Simkot	0	0	0	7	0	2	2
Siraha,	Simraha	0	0	0	6	0	2	0
Sie 	Sim	0	0	0	3	1	2	0
Six 	Sim	0	0	0	3	1	2	0
Since 	Sinche	0	0	0	5	1	2	0
line 	Sine	0	0	0	4	1	2	0
Sie 	Sine	0	0	0	3	1	2	0
line,	Sine	0	0	0	4	1	2	0
Since 	Singe	0	0	0	5	1	2	0
Sep 	Sip	0	0	0	3	1	2	2
Six 	Sip	0	0	0	3	1	2	0
Siraha,	Sirada	0	0	0	6	0	2	0
Sie 	Sip	0	0	0	3	1	2	0
Siraha,	Siraha	0	1	1	6	0	1	2
Siraha,	Sirata	0	0	0	6	0	2	0
Siraha,	Sirsha	0	0	0	6	0	2	0
Sie 	Sit	0	0	0	3	1	2	0
Sign 	Siun	0	0	0	4	1	2	1
role 	Sole	0	0	0	4	1	2	0
Some 	Sole	0	0	0	4	1	2	0
Gopi 	Sopi	0	0	0	4	0	2	0
core 	Sore	0	0	0	4	1	2	0
more 	Sore	0	0	0	4	1	2	0
More 	Sore	0	0	0	4	1	2	0
ore 	Sore	0	0	0	3	1	2	0
Some 	Sore	0	0	0	4	1	2	0
not 	Sot	0	0	0	3	1	2	0
Not 	Sot	0	0	0	3	1	2	0
Super 	Suder	0	0	0	5	1	2	0
Sumikot)	Suikot	0	0	0	7	0	2	0
Seite 	Suite	0	0	0	5	0	2	2
Sumikot)	Sulikot	0	0	0	7	0	2	0
Sunsari,	Sunari	0	0	0	7	0	2	0
Sunsari.	Sunari	0	0	0	7	0	2	0
fund 	Sund	0	0	0	4	1	2	0
Fund 	Sund	0	0	0	4	1	2	0
und 	Sund	0	0	0	3	1	2	0
Sumikot)	Sunikot	0	0	0	7	0	2	0
Sunsari,	Sunsari	0	1	1	7	0	1	2
Sunsari.	Sunsari	0	1	1	7	0	1	2
Sunsari,	Sunsarī	0	0	1	7	0	2	2
Sunsari.	Suntari	0	0	0	7	0	2	0
Sunsari,	Suntari	0	0	0	7	0	2	0
Sunsari.	Sunsarī	0	0	1	7	0	2	2
Spare 	Supare	0	0	0	5	1	2	2
Super 	Supar	0	0	0	5	1	2	2
zur 	Sur	0	0	0	3	1	2	2
Sub 	Sur	0	0	0	3	1	2	0
Share 	Syare	0	0	0	5	1	2	0
made 	Tade	0	0	0	4	1	2	0
Spare 	Syare	0	0	0	5	1	2	0
Trade 	Tade	0	0	0	5	1	2	0
Tek 	Tak	0	0	0	3	0	2	2
allo 	Tallo	0	0	0	4	0	2	0
Tel.	Tal	0	0	0	3	1	2	2
Damage 	Tamage	0	0	0	6	1	2	2
Damauli 	Tamauli	0	0	0	7	0	2	2
Bam 	Tam	0	0	0	3	1	2	0
Name 	Tame	0	0	0	4	1	2	0
Name;	Tame	0	0	0	4	1	2	0
same.	Tame	0	0	0	4	1	2	0
Ram 	Tam	0	0	0	3	1	2	0
Team 	Tam	0	0	0	4	1	2	2
Janakpur,	Tanakpur	0	0	0	8	0	2	0
and 	Tand	0	0	0	3	1	2	0
Mangal 	Tangal	0	0	0	6	0	2	0
range 	Tange	0	0	0	5	1	2	0
Tonga 	Tanga	0	0	0	5	1	2	2
range,	Tange	0	0	0	5	1	2	0
Wang;	Tang	0	0	0	4	1	2	0
bank,	Tank	0	0	0	4	1	2	0
bank 	Tank	0	0	0	4	1	2	0
Bank 	Tank	0	0	0	4	1	2	0
Bank.	Tank	0	0	0	4	1	2	0
Bank'	Tank	0	0	0	4	1	2	0
Thapa 	Tapa	0	0	0	5	0	2	1
gap 	Tap	0	0	0	3	1	2	0
gap-	Tap	0	0	0	3	1	2	0
Terai 	Tarai	0	0	0	5	0	2	2
Rara,	Tara	0	0	0	4	0	2	0
Terai.	Tarai	0	0	0	5	0	2	2
are 	Tare	0	0	0	3	1	2	0
Care 	Tare	0	0	0	4	1	2	0
far 	Tar	0	0	0	3	1	2	0
far-	Tar	0	0	0	3	1	2	0
far,	Tar	0	0	0	3	1	2	0
Far-	Tar	0	0	0	3	1	2	0
Mar 	Tar	0	0	0	3	1	2	0
Harkapur'	Tarkapur	0	0	0	8	0	2	0
par 	Tar	0	0	0	3	1	2	0
base.	Tase	0	0	0	4	1	2	0
data 	Tata	0	0	0	4	1	2	2
case 	Tase	0	0	0	4	1	2	0
Data 	Tata	0	0	0	4	1	2	2
date 	Tate	0	0	0	4	1	2	2
Date 	Tate	0	0	0	4	1	2	2
Date;	Tate	0	0	0	4	1	2	2
rate 	Tate	0	0	0	4	1	2	0
eda.	Teda	0	0	0	3	1	2	0
Tek 	Teh	0	0	0	3	0	2	0
Tel.	Teh	0	0	0	3	1	2	0
Team 	Tekam	0	0	0	4	1	2	0
Tek 	Teku	0	0	0	3	0	1	2
versa,	Tersa	0	0	0	5	1	2	0
Thapa 	Thada	0	0	0	5	0	2	0
Trade 	Thade	0	0	0	5	1	2	0
Thapa 	Thala	0	0	0	5	0	2	0
Thapa 	Thaha	0	0	0	5	0	2	0
Team 	Tham	0	0	0	4	1	2	2
Thapa 	Thana	0	0	0	5	0	2	0
than 	Than	0	1	1	4	1	2	2
Then,	Than	0	0	0	4	1	2	2
Thapa 	Thapla	0	0	0	5	0	2	0
Chapali 	Thapali	0	0	0	7	0	2	0
Thapa 	Thapra	0	0	0	5	0	2	0
Thapa 	Thapsa	0	0	0	5	0	2	0
Thapa 	Thapwa	0	0	0	5	0	2	2
Thapa 	Thara	0	0	0	5	0	2	0
Share 	Thare	0	0	0	5	1	2	0
There 	Thare	0	0	0	5	1	2	2
Ghar 	Thar	0	0	0	4	0	2	0
Thapa 	Tharpa	0	0	0	5	0	2	0
Thapa 	Thata	0	0	0	5	0	2	0
Thapa 	Thaya	0	0	0	5	0	2	0
There 	Thebe	0	0	0	5	1	2	0
These 	Thebe	0	0	0	5	1	2	0
The 	Thee	0	0	0	3	1	1	2
These 	Thee	0	0	0	5	1	2	0
These 	Thehe	0	0	0	5	1	2	0
There 	Thehe	0	0	0	5	1	2	0
Then,	Thin	0	0	0	4	1	2	2
There 	Thera	0	0	0	5	1	2	2
This 	Thin	0	0	0	4	1	2	0
There 	Thore	0	0	0	5	1	2	2
These 	Those	0	0	0	5	1	2	2
those 	Those	0	1	1	5	1	2	2
whose 	Those	0	0	0	5	1	2	0
human 	Thuman	0	0	0	5	1	2	0
Thus,	Thum	0	0	0	4	1	2	0
Thus 	Thum	0	0	0	4	1	2	0
Tek 	Tik	0	0	0	3	0	2	2
Till 	Tila	0	0	0	4	1	2	2
Tel.	Til	0	0	0	3	1	2	2
Till 	Til	0	0	0	4	1	2	2
Timor-	Timur	0	0	0	5	1	2	2
Title 	Timle	0	0	0	5	1	2	0
site 	Tite	0	0	0	4	1	2	0
Title 	Tite	0	0	0	5	1	2	0
Title 	Tiule	0	0	0	5	1	2	0
Title 	Titre	0	0	0	5	1	2	0
Tek 	Tok	0	0	0	3	0	2	2
Dolpa)	Tolpa	0	0	0	5	0	2	2
To be 	Tombe	0	0	0	5	0	2	0
Tel.	Tol	0	0	0	3	1	2	2
Tonga 	Tonja	0	0	0	5	1	2	0
Tonga 	Tongga	0	0	0	5	1	2	2
Koshi 	Toshi	0	0	0	5	0	2	0
Tribhuvan International Airport 	Tribhuvan International Airport	0	1	1	31	0	1	2
Tribhuvan International Airport 	Tribhuwan International Airport	0	0	0	31	0	2	0
Lukla,	Tukla	0	0	0	5	0	2	0
urban 	Turban	0	0	0	5	1	2	0
urban)	Turban	0	0	0	5	1	2	0
fuse,	Tuse	0	0	0	4	1	2	0
future.	Tuture	0	0	0	6	1	2	0
use 	Tuse	0	0	0	3	1	2	0
future 	Tuture	0	0	0	6	1	2	0
Future 	Tuture	0	0	0	6	1	2	0
Rai 	Wai	0	0	0	3	1	2	0
Team 	Tyam	0	0	0	4	1	2	2
making 	Waking	0	0	0	6	1	2	0
taking 	Waking	0	0	0	6	1	2	0
male 	Wale	0	0	0	4	1	2	0
Malla 	Walla	0	0	0	5	0	2	0
Wang;	Wana	0	0	0	4	1	2	0
Mangal 	Wangal	0	0	0	6	0	2	0
Japan 	Wapan	0	0	0	5	1	2	1
not 	Wot	0	0	0	3	1	2	0
Not 	Wot	0	0	0	3	1	2	0
Wang;	Yang	0	0	0	4	1	2	1
far 	Yar	0	0	0	3	1	2	0
far-	Yar	0	0	0	3	1	2	0
far,	Yar	0	0	0	3	1	2	0
Far-	Yar	0	0	0	3	1	2	0
Mar 	Yar	0	0	0	3	1	2	0
par 	Yar	0	0	0	3	1	2	0
Year 	Yar	0	0	0	4	1	2	2
You 	Yomu	0	0	0	3	1	2	0
June 	Yune	0	0	0	4	1	2	1
une 	Yune	0	0	0	3	1	2	2
